<?xml version="1.0" encoding="UTF-8"?>
<!--
 ~  Copyright (c) 2016, WSO2 Inc. (http://www.wso2.org) All Rights Reserved.
 ~
 ~  WSO2 Inc. licenses this file to you under the Apache License,
 ~  Version 2.0 (the "License"); you may not use this file except
 ~  in compliance with the License.
 ~  You may obtain a copy of the License at
 ~
 ~    http://www.apache.org/licenses/LICENSE-2.0
 ~
 ~  Unless required by applicable law or agreed to in writing,
 ~  software distributed under the License is distributed on an
 ~  "AS IS" BASIS, WITHOUT WARRANTIES OR CONDITIONS OF ANY
 ~  KIND, either express or implied.  See the License for the
 ~  specific language governing permissions and limitations
 ~  under the License.
-->
<component name="salesforce" type="synapse/template">
    <subComponents>
        <component name="init">
            <file>init.xml</file>
            <description>Login synapse library</description>
            <hidden>true</hidden>
        </component>
        <component name="logout">
            <file>logout.xml</file>
            <description>Logout synapse library</description>
        </component>
        <component name="query">
            <file>query.xml</file>
            <description>Query (SQL) synapse library</description>
            <isDynamic>true</isDynamic>
            <connectorSchemaGeneratorInput>org.wso2.tooling.connector.dynamic.schema.salesforcesoap.GenerateInputSchemaForQueryOperation</connectorSchemaGeneratorInput>
        </component>
        <component name="queryAll">
            <file>queryAll.xml</file>
            <description>Query all (SQL) synapse library</description>
            <isDynamic>true</isDynamic>
            <connectorSchemaGeneratorInput>org.wso2.tooling.connector.dynamic.schema.salesforcesoap.GenerateInputSchemaForQueryAllOperation</connectorSchemaGeneratorInput>
        </component>
        <component name="queryMore">
            <file>queryMore.xml</file>
            <description>Query more synapse library</description>
        </component>
        <component name="create">
            <file>create.xml</file>
            <description>Insert sObject(s) synapse library</description>>
            <isDynamic>true</isDynamic>
            <connectorSchemaGeneratorOutput>org.wso2.tooling.connector.dynamic.schema.salesforcesoap.GenerateOutputSchemaForCreateOperation</connectorSchemaGeneratorOutput>
        </component>
        <component name="update">
            <file>update.xml</file>
            <description>Update or update sObject(s) synapse library</description>
            <isDynamic>true</isDynamic>
            <connectorSchemaGeneratorOutput>org.wso2.tooling.connector.dynamic.schema.salesforcesoap.GenerateOutputSchemaForUpdateOperation</connectorSchemaGeneratorOutput>
        </component>
        <component name="upsert">
            <file>upsert.xml</file>
            <description>Insert or update sObject(s) synapse library</description>
            <isDynamic>true</isDynamic>
            <connectorSchemaGeneratorOutput>org.wso2.tooling.connector.dynamic.schema.salesforcesoap.GenerateOutputSchemaForUpsertOperation</connectorSchemaGeneratorOutput>
        </component>
        <component name="delete">
            <file>delete.xml</file>
            <description>Delete sObject(s) synapse library</description>
        </component>
        <component name="search">
            <file>search.xml</file>
            <description>Search using SOSL synapse library</description>
            <isDynamic>true</isDynamic>
            <connectorSchemaGeneratorInput>org.wso2.tooling.connector.dynamic.schema.salesforcesoap.GenerateInputSchemaForSearchOperation</connectorSchemaGeneratorInput>
        </component>
        <component name="emptyRecycleBin">
            <file>emptyRecycleBin.xml</file>
            <description>Empty RecycleBin synapse library</description>
        </component>
        <component name="undelete">
            <file>undelete.xml</file>
            <description>Restore sObject(s) synapse library</description>
        </component>
        <component name="describeSObject">
            <file>describeSObject.xml</file>
            <description>Describe SObject synapse library</description>
        </component>
        <component name="describeSObjects">
            <file>describeSObjects.xml</file>
            <description>Describe SObjects synapse library</description>
        </component>
        <component name="describeGlobal">
            <file>describeGlobal.xml</file>
            <description>Describe global synapse library</description>
        </component>
        <component name="setPassword">
            <file>setPassword.xml</file>
            <description>Set password synapse library</description>
        </component>
        <component name="sendEmailMessage">
            <file>sendEmailMessage.xml</file>
            <description>Send email message synapse library</description>
        </component>
        <component name="sendEmail">
            <file>sendEmail.xml</file>
            <description>Send email synapse library</description>
        </component>
        <component name="retrieve">
            <file>retrieve.xml</file>
            <description>Retrieve synapse library</description>
            <isDynamic>true</isDynamic>
            <connectorSchemaGeneratorInput>org.wso2.tooling.connector.dynamic.schema.salesforcesoap.GenerateInputSchemaForRetrieveOperation</connectorSchemaGeneratorInput>
        </component>
        <component name="resetPassword">
            <file>resetPassword.xml</file>
            <description>Reset Password synapse library</description>
        </component>
        <component name="getUserInfo">
            <file>getUserInfo.xml</file>
            <description>Get User Information synapse library</description>
        </component>
        <component name="getDeleted">
            <file>getDeleted.xml</file>
            <description>Get Deleted Records synapse library</description>
        </component>
        <component name="getUpdated">
            <file>getUpdated.xml</file>
            <description>Get Updated Records synapse library</description>
        </component>
        <component name="getServerTimestamp">
            <file>getServerTimestamp.xml</file>
            <description>Get Server Timestamp synapse library</description>
        </component>
        <component name="findDuplicates">
            <file>findDuplicates.xml</file>
            <description>Find duplicates for a set of sObjects synapse library</description>
        </component>
        <component name="findDuplicatesByIds">
            <file>findDuplicatesByIds.xml</file>
            <description>Find duplicates for a set of sObjects using record ids synapse library</description>
        </component>
        <component name="merge">
            <file>merge.xml</file>
            <description>Merge and update a set of sObjects based on object id synapse library</description>
        </component>
        <component name="convertLead">
            <file>convertLead.xml</file>
            <description>Convert a set of leads synapse library</description>
        </component>
    </subComponents>
</component>