{
  "connectorName": "salesforce",
  "operationName": "delete",
  "title": "Delete Records",
  "help": "<h1>Delete Records</h1> <b>Deletes one or more records from your organization’s data.</b><br><br><ul><li><a href=\"https://ei.docs.wso2.com/en/latest/micro-integrator/references/connectors/salesforce-connector/sf-connector-config/\"> More Help </a></li></ul>",
  "elements": [
    {
      "type": "attributeGroup",
      "value": {
        "groupName": "General",
        "elements": [
          {
            "type": "attribute",
            "value": {
              "name": "configRef",
              "displayName": "Connection",
              "inputType": "connection",
              "allowedConnectionTypes": [
                "init"
              ],
              "defaultValue": "",
              "required": "true",
              "helpTip": "Connection to be used"
            }
          },
          {
            "type": "attributeGroup",
            "value": {
              "groupName": "Basic",
              "elements": [
                {
                  "type": "attribute",
                  "value": {
                    "name": "allOrNone",
                    "displayName": "All or None",
                    "inputType": "integerOrExpression",
                    "defaultValue": "",
                    "required": "true",
                    "helpTip": "Whether to rollback changes if an object fails(Default value is 0)."
                  }
                },
                {
                  "type": "attribute",
                  "value": {
                    "name": "sobjects",
                    "displayName": "sObjects",
                    "inputType": "stringOrExpression",
                    "defaultValue": "",
                    "required": "true",
                    "helpTip": "The sobject type"
                  }
                }
              ]
            }
          }
        ]
      }
    }
  ]
}
