{
  "connectorName": "salesforce",
  "operationName": "findDuplicatesByIds",
  "title": "Find Duplicates By IDs",
  "help": "<h1>Find Duplicates By IDs</h1> <b>Performs rule-based searches for duplicate records. The input is an array of IDs.</b><br><br><ul><li><a href=\"https://ei.docs.wso2.com/en/latest/micro-integrator/references/connectors/salesforce-connector/sf-connector-config/\"> More Help </a></li></ul>",
  "elements": [
    {
      "type": "attributeGroup",
      "value": {
        "groupName": "General",
        "elements": [
          {
            "type": "attribute",
            "value": {
              "name": "configRef",
              "displayName": "Connection",
              "inputType": "connection",
              "allowedConnectionTypes": [
                "init"
              ],
              "defaultValue": "",
              "required": "true",
              "helpTip": "Connection to be used"
            }
          },
          {
            "type": "attributeGroup",
            "value": {
              "groupName": "Basic",
              "elements": [
                {
                  "type": "attribute",
                  "value": {
                    "name": "ids",
                    "displayName": "IDs",
                    "inputType": "stringOrExpression",
                    "defaultValue": "",
                    "required": "true",
                    "helpTip": "Record ids"
                  }
                }
              ]
            }
          }
        ]
      }
    }
  ]
}
