{
  "connectorName": "salesforce",
  "operationName": "query",
  "title": "Query",
  "help": "<h1>Executes Query</h1> <b>Executes a query against the specified object and returns data that matches the specified criteria.</b><br><br><ul><li><a href=\"https://ei.docs.wso2.com/en/latest/micro-integrator/references/connectors/salesforce-connector/sf-connector-config/\"> More Help </a></li></ul>",
  "elements": [
    {
      "type": "attributeGroup",
      "value": {
        "groupName": "General",
        "elements": [
          {
            "type": "attribute",
            "value": {
              "name": "configRef",
              "displayName": "Connection",
              "inputType": "connection",
              "allowedConnectionTypes": [
                "init"
              ],
              "defaultValue": "",
              "required": "true",
              "helpTip": "Connection to be used"
            }
          },
          {
            "type": "attributeGroup",
            "value": {
              "groupName": "Basic",
              "elements": [
                {
                  "type": "attribute",
                  "value": {
                    "name": "batchSize",
                    "displayName": "Batch Size",
                    "inputType": "integerOrExpression",
                    "defaultValue": "",
                    "required": "true",
                    "helpTip": "The number of records to return."
                  }
                },
                {
                  "type": "attribute",
                  "value": {
                    "name": "queryString",
                    "displayName": "Query String",
                    "inputType": "stringOrExpression",
                    "defaultValue": "",
                    "required": "true",
                    "helpTip": "The queryString to get the results from API."
                  }
                }
              ]
            }
          }
        ]
      }
    }
  ]
}
