{
  "connectorName": "salesforce",
  "operationName": "retrieve",
  "title": "Retrieve Field Values of Salesforce Record",
  "help": "<h1>Retrieve Field Values of Salesforce Record</h1> <b>To retrieve specific field values for a specific sObject.</b><br><br><ul><li><a href=\"https://ei.docs.wso2.com/en/latest/micro-integrator/references/connectors/salesforce-connector/sf-connector-config/\"> More Help </a></li></ul>",
  "elements": [
    {
      "type": "attributeGroup",
      "value": {
        "groupName": "General",
        "elements": [
          {
            "type": "attribute",
            "value": {
              "name": "configRef",
              "displayName": "Connection",
              "inputType": "connection",
              "allowedConnectionTypes": [
                "init"
              ],
              "defaultValue": "",
              "required": "true",
              "helpTip": "Connection to be used"
            }
          },
          {
            "type": "attributeGroup",
            "value": {
              "groupName": "Basic",
              "elements": [
                {
                  "type": "attribute",
                  "value": {
                    "name": "objectType",
                    "displayName": "Object Type",
                    "inputType": "stringOrExpression",
                    "defaultValue": "",
                    "required": "true",
                    "helpTip": "The object type of the records."
                  }
                },
                {
                  "type": "attribute",
                  "value": {
                    "name": "objectIDS",
                    "displayName": "Object IDs",
                    "inputType": "stringOrExpression",
                    "defaultValue": "",
                    "required": "true",
                    "helpTip": "XML representation of the records to retrieve, as shown in the following example."
                  }
                },
                {
                  "type": "attribute",
                  "value": {
                    "name": "fieldList",
                    "displayName": "Field List",
                    "inputType": "stringOrExpression",
                    "defaultValue": "",
                    "required": "true",
                    "helpTip": "A comma-separated list of the fields you want to retrieve from the records."
                  }
                }
              ]
            }
          }
        ]
      }
    }
  ]
}
